번호,부품,수량,치수(mm),상태
01,프레임: 노즈 관·전면판·후면 격벽·타이로드 3,1,Ø62 원통 x 81 + 노즈 Ø29 x 12 (공구 길이 93),공간 검토값
02,동축 스핀들 모터·감속부,1,Ø24 x 64,구매품 미선정
03,고정 위치 6조 회전 척,1,Ø27.6 x 15,축방향 이동 0
04,스프링 척 팩 + 단방향 트리거,1,Ø27.6 링 x 6,척 폐쇄 구동부 대체 · 파지력 실물 검증 필요
05,척 해제 로드,3,Ø1.6 x 43,요크 초과행정 3mm로 척 개방·래치
06,이송: 링 모터 + 나사 슬리브 + 요크 링 너트,1,Ø44 x 10 / Ø31 슬리브,가이드 2·이송나사·후방 모터 대체
07,핀셋 벌림 캠 레일,2,0.8 x 4 x 15,수납 첫 0.6mm에서 핀셋을 노즈 바깥까지 벌림
08,핀셋 날 + 개폐 슬라이드,2,판재 4.4 x 1.2 → 끝 1.2 x 0.5,R09와 동일
09,2관절 보조 엄지,1,24 + 24,R09와 동일
10,구동부,5,개폐·엄지 2·이송·회전,드라이버는 로봇 제어반 · 미선정
